<?xml version="1.0" encoding="UTF-8"?>
<metadata xml:lang="en"><Esri><CreaDate>20181001</CreaDate><CreaTime>08521400</CreaTime><ArcGISFormat>1.0</ArcGISFormat><SyncOnce>TRUE</SyncOnce><DataProperties><itemProps><itemLocation><linkage Sync="TRUE">file://\\172.19.4.28\mapdata\ArcView 2018\Research &amp; Intelligence\02 Research &amp; Spatial\SHP\01 PSMA\03 Mott Macdonald\20180912_Bus_Stop_Altitude</linkage><protocol Sync="TRUE">Local Area Network</protocol></itemLocation></itemProps><copyHistory><copy source="Q:\ArcView 2018\Research &amp; Intelligence\02 Research &amp; Spatial\SHP\01 PSMA\04 Steers\20180912_Bus_Stop_Altitude" dest="\\172.19.4.28\mapdata\ArcView 2018\Research &amp; Intelligence\02 Research &amp; Spatial\SHP\01 PSMA\03 Mott Macdonald\20180912_Bus_Stop_Altitude" date="20180912" time="11265100"></copy></copyHistory><lineage><Process ToolSource="c:\program files (x86)\arcgis\desktop10.4\ArcToolbox\Toolboxes\Data Management Tools.tbx\CalculateField" Date="20181001" Time="085559">CalculateField "01 Bus Stops\2018101_WY_Bus_Stops" PhotoF "test" VB #</Process><Process ToolSource="c:\program files (x86)\arcgis\desktop10.4\ArcToolbox\Toolboxes\Data Management Tools.tbx\CalculateField" Date="20181001" Time="085624">CalculateField "01 Bus Stops\2018101_WY_Bus_Stops" PhotoF ""test" &amp; [STOPID]" VB #</Process><Process ToolSource="c:\program files (x86)\arcgis\desktop10.4\ArcToolbox\Toolboxes\Data Management Tools.tbx\CalculateField" Date="20181001" Time="085700">CalculateField "01 Bus Stops\2018101_WY_Bus_Stops" PhotoF "http://apps.westyorks-ca.gov.uk/stopinformation/GetPhotos.aspx?stopnumber=&amp; [STOPID] &amp;view=front" VB #</Process><Process ToolSource="c:\program files (x86)\arcgis\desktop10.4\ArcToolbox\Toolboxes\Data Management Tools.tbx\CalculateField" Date="20181001" Time="085816">CalculateField "01 Bus Stops\2018101_WY_Bus_Stops" PhotoF "http://apps.westyorks-ca.gov.uk/stopinformation/GetPhotos.aspx?stopnumber=&amp;[STOPID]&amp;view=front" VB #</Process><Process ToolSource="c:\program files (x86)\arcgis\desktop10.4\ArcToolbox\Toolboxes\Data Management Tools.tbx\CalculateField" Date="20181001" Time="085852">CalculateField "01 Bus Stops\2018101_WY_Bus_Stops" PhotoF ""test" &amp; [STOPID]" VB #</Process><Process ToolSource="c:\program files (x86)\arcgis\desktop10.4\ArcToolbox\Toolboxes\Data Management Tools.tbx\CalculateField" Date="20181001" Time="085938">CalculateField "01 Bus Stops\2018101_WY_Bus_Stops" PhotoF ""http://apps.westyorks-ca.gov.uk/stopinformation/GetPhotos.aspx?stopnumber=" &amp; [STOPID]  &amp; "&amp;view=front"" VB #</Process><Process ToolSource="c:\program files (x86)\arcgis\desktop10.4\ArcToolbox\Toolboxes\Data Management Tools.tbx\CalculateField" Date="20181001" Time="085957">CalculateField "01 Bus Stops\2018101_WY_Bus_Stops" PhotoF ""http://apps.westyorks-ca.gov.uk/stopinformation/GetPhotos.aspx?stopnumber=" &amp; [STOPID]  &amp; "&amp;view=front"" VB #</Process><Process ToolSource="c:\program files (x86)\arcgis\desktop10.4\ArcToolbox\Toolboxes\Data Management Tools.tbx\CalculateField" Date="20181001" Time="091003">CalculateField "01 Bus Stops\2018101_WY_Bus_Stops" PhotoS ""http://apps.westyorks-ca.gov.uk/stopinformation/GetPhotos.aspx?stopnumber=" &amp; [STOPID]  &amp; "&amp;view=side"" VB #</Process></lineage></DataProperties></Esri></metadata>
